Filename,Category,Year,Term
1. Curt Cacioppo _ Ying Li Program.pdf,Chamber,2016,Fall
1. Jason Calloway Program 2017.pdf,Chamber,2017,Fall
1. Jonathan Hulting-Cohen Program.pdf,Chamber,2018,Fall
1. Jordan Dodson Program.pdf,Chamber,2019,Fall
1. Matthew Bengtson Program.pdf,Chamber,2015,Fall
1. Matthew Bengtson-Blanka Bednarz Program.pdf,Chamber,2012,Fall
1. Miranda Cuckson Program.pdf,Chamber,2014,Fall
1. Parthenia Program.pdf,Chamber,2011,Fall
1. Zuckerman-Vellard Program 2010.pdf,Chamber,2010,Fall
10. Chamber Music Program #1 Fall 2011.pdf,Chamber,2011,Fall
10. Chamber Music Program #1 Fall 2015.pdf,Chamber,2015,Fall
10. Chamber Music Program #1 Fall 2018.pdf,Chamber,2018,Fall
10. Chamber Music Program #1 Fall 2019.pdf,Chamber,2019,Fall
10. Chamber Music Program #2 Fall 2012.pdf,Chamber,2012,Fall
10. Chamber Music Program #2 Fall 2013.pdf,Chamber,2013,Fall
10. Chamber Music Program #3 Fall 2014.pdf,Chamber,2014,Fall
10. Chamber Singers Winter Concert Program 2017.pdf,Choral,2017,Fall
10. Chorale Program Fall 2010.pdf,Choral,2010,Fall
10. Paul Orgel Program.pdf,Chamber,2016,Fall
107 Fall 08 Program.pdf,Chamber,2008,Fall
107 Spring 09 Program.pdf,Chamber,2009,Spring
11. Chamber Music Program #1 Fall 2010.pdf,Chamber,2010,Fall
11. Chamber Music Program #1 Fall 2017.pdf,Chamber,2017,Fall
11. Chamber Music Program #2 Fall 2019.pdf,Chamber,2019,Fall
11. Chamber Music Program #3 Fall 2012.pdf,Chamber,2012,Fall
11. Chamber Music Program #3 Fall 2013.pdf,Chamber,2013,Fall
11. Chamber Singers-Holiday Program 2011.pdf,Choral,2011,Fall
11. Chorale program Fall 2016.pdf,Choral,2016,Fall
11. Music 107 Program Fall  2018.pdf,Chamber,2018,Fall
11. Music 107 Program Fall 2014.pdf,Chamber,2014,Fall
11. Music 107 Program Fall 2015.pdf,Chamber,2015,Fall
12. Chamber Music Program #2 Fall 2015.pdf,Chamber,2015,Fall
12. Chamber Music Program #2 Fall 2018.pdf,Chamber,2019,Spring
12. Chamber Singers Holiday Program 2016.pdf,Choral,2016,Fall
12. Chamber Singers-Holiday Program 2010.pdf,Choral,2010,Fall
12. Music 107 Program Fall 2012.pdf,Chamber,2012,Fall
12. Music 107 Program Fall 2013.pdf,Chamber,2013,Fall
12. Music 107 Program Fall 2017.pdf,Chamber,2017,Fall
12. Music 107 Program Fall 2019.pdf,Chamber,2019,Fall
12. Renee Rosnes Program.pdf,Chamber,2015,Spring
12. Voice Class Studio Recital Program 2011.pdf,Vocal,2011,Fall
13. Amernet Program 2015.pdf,Chamber,2015,Spring
13. Cantus Program.pdf,Choral,2013,Spring
13. Chamber Music Program #2 Fall 2010.pdf,Chamber,2010,Fall
13. Chamber Music Program #2 Fall 2011.pdf,Chamber,2011,Fall
13. Chamber Music Program #2 Fall 2017.pdf,Chamber,2017,Fall
13. Christine Lamprea Program.pdf,Orchestra,2021,Spring
13. Debra Harder Program 2016.pdf,Chamber,2016,Spring
13. James Nyoraku Schlefer Program.pdf,Chamber,2014,Spring
13. Music 207 Program.pdf,Chamber,2016,Fall
14. Aaron Diehl Program.pdf,Chamber,2019,Spring
14. Chamber Music Program #3 Fall 2010.pdf,Chamber,2010,Fall
14. Chamber Music Program #3 Fall 2011.pdf,Chamber,2011,Fall
14. Chamber Orchestra First Editions Program.pdf,Orchestra,2016,Spring
14. COFE Program Spring 2018.pdf,Orchestra,2018,Spring
14. Les Délices Program.pdf,Chamber,2015,Spring
14. Matthew Bengtson _ Amernet Quartet Program.pdf,Chamber,2014,Spring
14. Music 107 Program Fall 16.pdf,Chamber,2016,Fall
14. Steven Mayer Program.pdf,Chamber,2013,Spring
15. Cacioppo-Leto Armed and Dangerous.pdf,Chamber,2015,Spring
15. Chamber Music Program #1 Fall 16.pdf,Chamber,2016,Fall
15. Debra Harder Program 2019.pdf,Chamber,2019,Spring
15. Music 107 Program Fall 2011.pdf,Chamber,2011,Fall
15. Music 107 Program–Fall 2010.pdf,Chamber,2010,Fall
15. Network for New Music Program 2014.pdf,Chamber,2014,Spring
15. New York Chamber Brass Program.pdf,Chamber,2016,Spring
15. Orlando Consort Program.pdf,Choral,2018,Spring
15. Peter Serkin Program.pdf,Chamber,2013,Spring
16. Cavani Quartet Program.pdf,Chamber,2018,Spring
16. Chamber Music Program #2 Fall 16.pdf,Chamber,2016,Fall
16. Chamber Singers _ Lincoln U Program.pdf,Chamber,2014,Spring
16. Dolce Suono Ensemble Program.pdf,Chamber,2012,Spring
16. Lyric Fest Program 2019.pdf,Chamber,2019,Spring
16. Momenta String Quartet Program.pdf,Chamber,2016,Spring
16. Network for New Music Program-Spring 2011.pdf,Chamber,2011,Spring
16. Network Program 2013.pdf,Chamber,2013,Spring
16. Orchestra Program Spring 2015.pdf,Orchestra,2015,Spring
17. A Gathering For Scott.pdf,Chamber,,
17. Chamber Singers Choir Fest Program.pdf,Choral,2018,Spring
17. Lyric Fest Program 2016.pdf,Vocal,2016,Spring
17. Michal Schmidt Program.pdf .pdf,Chamber,2017,Spring
17. Network Program 2015.pdf,Chamber,2015,Spring
17. Network Program 2019.pdf,Chamber,2019,Spring
17. Orchestra Program Spring 2013.pdf,Orchestra,2013,Spring
17. Trio Camille Program.pdf,Chamber,2012,Spring
18. Chamber Orchestra FIRST EDITIONS Spring Program 2017.pdf,Orchestra,2017,Spring
18. Chorale Program Spring 2015.pdf,Choral,2015,Spring
18. Debra Harder Program 2013.pdf,Chamber,2013,Spring
18. James Nyoraku Schlefer Program-Spring 2011.pdf,Chamber,2011,Spring
18. Lyric Fest Program-Spring 2012.pdf,Vocal,2012,Spring
18. Orchestra Program Spring 2019.pdf,Orchestra,2019,Spring
18. Steven Mayer-Matthew Plenk Program.pdf,Chamber,2018,Spring
18. Taiko _ Dance Program 2016.pdf,Chamber,2016,Spring
19. Chamber Singers Rotunda Program 2015.pdf,Choral,2015,Spring
19. Chorale Program Spring 2013.pdf,Choral,2013,Spring
19. Curt Cacioppo and Friends Program.pdf,Chamber,2019,Spring
19. David Botwinik Program.pdf,Vocal,2012,Spring
19. Lutton Fund-This Room-Program.pdf,Chamber,,
19. Marquis Hill Blacket Program.pdf,Chamber,2018,Spring
19. Orchestra Program Spring 2016.pdf,Orchestra,2016,Spring
19. Sean Chen Program.pdf,Chamber,2017,Spring
2. Caroline Hong Program.pdf,Chamber,2015,Fall
2. Chamber Orchestra FIRST EDITIONS  Fall Program 2016.pdf,Orchestra,2016,Fall
2. Duo Alterno Program.pdf,Chamber,2018,Fall
2. Family Weekend Choral Program-2013.pdf,Choral,2013,Fall
2. Family Weekend Program 2012.pdf,Mixed,2012,Fall
2. Family Weekend Program 2014.pdf,Mixed,2014,Fall
2. Giora Schmidt Program.pdf,Chamber,2017,Fall
2. Hildegard Program.pdf,Chamber,2010,Fall
2. La Bernardinia Program.pdf,Chamber,2019,Fall
2. Temple University String Quintet Program.pdf,Chamber,2011,Fall
20. Art Song Program 2013.pdf,Vocal,2013,Spring
20. Chamber Music Program #1 Spring 2015.pdf,Chamber,2015,Spring
20. Chamber Singers-Race Matters Program.pdf,Choral,2016,Spring
20. D_Orazio Program.pdf,Chamber,2019,Spring
20. Debra Harder _ Friends Program 2011.pdf,Chamber,2011,Spring
20. Martins-McClure Program.pdf,Chamber,2017,Spring
207 Program Spring 09.pdf,Chamber,2009,Spring
21. Andrea Ceccomori _ Elitza Harbova Program 2011.pdf,Chamber,2011,Spring
21. Chamber Music Program #2 Spring 2015.pdf,Chamber,2015,Spring
21. Chamber Singers Rotunda Program 2013.pdf,Choral,2013,Spring
21. Chamber Singers-Greenville Program.pdf,Choral,2017,Spring
21. Chorale Program Spring 2019.pdf,Choral,2019,Spring
21. Network for New Music Program 2016.pdf,Chamber,2016,Spring
21. Network Program 2018.pdf,Chamber,2018,Spring
21. Orchestra Program-Spring 2012.pdf,Orchestra,2012,Spring
22. Chamber Music Program #1 Spring 2013.pdf,Chamber,2013,Spring
22. Chamber Singers Rotunda Program.pdf,Choral,2019,Spring
22. Chorale Program Spring 2012.pdf,Choral,2012,Spring
22. Chorale Program Spring 2016.pdf,Choral,2016,Spring
22. D_Orazio Program.pdf,Chamber,2017,Spring
22. Music 107 Program Spring 2015.pdf,Chamber,2015,Spring
22. Orchestra Program Spring 2018.pdf,Orchestra,2018,Spring
22. Philadelphia Brass Program.pdf,Chamber,2011,Spring
23. Art Song Program 2012.pdf,Vocal,2012,Spring
23. Chamber Music Program #1 Spring 2019.pdf,Chamber,2019,Spring
23. Chamber Music Program #2 Spring 2013.pdf,Chamber,2013,Spring
23. Chamber Music Program #3 Spring 2015.pdf,Chamber,2015,Spring
23. Chamber Singers Rotunda Program 2016.pdf,Choral,2016,Spring
23. Chorale Program Spring 2018.pdf,Choral,2018,Spring
23. Joti Rockell Program.pdf,Chamber,2011,Spring
23. Quartetto di Venezia program 2017.pdf,Chamber,2017,Spring
24. Art Song Class Recital Program 2018.pdf,Vocal,2018,Spring
24. Chamber Music Program #1 Spring 2016.pdf,Chamber,2016,Spring
24. Chamber Singers Rotunda Program 2012.pdf,Choral,2012,Spring
24. Chamber Singers Rotunda Program 2014.pdf,Choral,2014,Spring
24. CS-Commencement Program 2015.pdf,Choral,2015,Spring
24. Momenta Program 2011.pdf,Chamber,2011,Spring
24. Music 107 Program Spring 19.pdf,Chamber,2019,Spring
24. Music 207 Spring 2013.pdf,Chamber,2013,Spring
24. Quartetto di Venezia Library Program.pdf,Chamber,2017,Spring
25. Chamber Music Program #1 Spring 2012.pdf,Chamber,2012,Spring
25. Chamber Music Program #1 Spring 2014 .pdf,Choral,2014,Spring
25. Chamber Music Program #2 Spring 2019.pdf,Chamber,2019,Spring
25. Chamber Singers Rotunda Program 2018.pdf,Choral,2018,Spring
25. Lyric_s Tale Program.pdf,Vocal,2011,Spring
25. Music 107 Program Spring 16.pdf,Chamber,2016,Spring
25. Music 107 Program Spring 2013.pdf,Chamber,2013,Spring
25. Nick Seltzer Program.pdf,Chamber,2015,Spring
25. Orchestra Program Spring 2017.pdf,Orchestra,2017,Spring
26. Amernet Program 2017.pdf,Chamber,2017,Spring
26. Chamber Music Program #1 Spring 2018 .pdf,Chamber,2018,Spring
26. Chamber Music Program #2 Spring 2012.pdf,Chamber,2012,Spring
26. Chamber Music Program #2 Spring 2014 .pdf,Choral,2014,Spring
26. Chamber Music Program #2 Spring 2016 .pdf,Chamber,2016,Spring
26. Chamber Music Program #3 Spring 2013.pdf,Chamber,2013,Spring
26. Chamber Singers Commencement Program 2019.pdf,Chamber,2019,Spring
26. Tamagawa University Taiko Dancers _ Drummers Program.pdf,Chamber,2011,Spring
27. Chamber Music Program #3 Spring 2012.pdf,Chamber,2012,Spring
27. Chamber Singers Commencement Program 2013.pdf,Choral,2013,Spring
27. Chamber Singers Commencement Program 2016.pdf,Chamber,2016,Spring
27. Chorale Program Spring 2017.pdf,Choral,2017,Spring
27. Music 107 Program Spring 2014.pdf,Chamber,2014,Spring
27. Music 107 Program Spring 2018.pdf,Chamber,2018,Spring
27. Orchestra Program-Spring 2011.pdf,Orchestra,2011,Spring
28. Abigail Stephenson Program.pdf,Chamber,2016,Spring
28. Chamber Music Program #2 Spring 2018 .pdf,Chamber,2018,Spring
28. Chamber Music Program #3 Spring 2014 .pdf,Chamber,2014,Spring
28. Chamber Singers Rotunda Concert 2017 program.pdf,Choral,2017,Spring
28. Chorale Program-Spring 2011.pdf,Choral,2011,Spring
28. Music 107 Program-Spring 2012.pdf,Chamber,2012,Spring
28. Shana Burstein_s Program.pdf,Vocal,2015,Spring
28. Veronica Walton Program.pdf,Vocal,2019,Spring
29.  Music 207 Program Spring 2018.pdf,Chamber,2018,Spring
29. Alice Berry Program.pdf,Vocal,2019,Spring
29. Art Song Class Recital Program-Spring 2011.pdf,Vocal,2011,Spring
29. Chamber Music Program #1 Spring 17.pdf,Chamber,2017,Spring
29. Chamber Singers Commencement Program 2012.pdf,Choral,2012,Spring
29. Chamber Singers-Commence Program 2014.pdf,Choral,2014,Spring
29. George Ordiway Program.pdf,Vocal,2016,Spring
3. A Concert Against Gun Violence Program.pdf,Chamber,2016,Fall
3. Anthony Orlando Program.pdf,Chamber,2010,Fall
3. Debra Harder Program 2012.pdf,Chamber,2011,Fall
3. Emanuele Arciuli Program.pdf,Chamber,2017,Fall
3. Family Weekend Intrumental Program 2013.pdf,Mixed,2013,Fall
3. Family Weekend Program 2015.pdf,Mixed,2015,Fall
3. HC Family _ Friends Weekend Program 2019.pdf,Mixed,2019,Fall
3. Momenta Program 2012.pdf,Chamber,2012,Fall
3. Robert Levin Program.pdf,Chamber,2014,Fall
3. The Brass Project Program.pdf,Chamber,2018,Fall
30. Alex Bernas Program.pdf,Vocal,2019,Spring
30. Bi-Co Student Recital Program.pdf,Mixed,2014,Spring
30. Chamber Singers Commencement Program 2018.pdf,Choral,2018,Spring
30. Chamber Singers-Recalling Ariadne Program.pdf,Choral,2011,Spring
30. Haig Minassian Program.pdf,Chamber,2012,Spring
30. Music 107 Program Spring 17.pdf,Chamber,2017,Spring
30. Yue Yang Program.pdf,Chamber,2016,Spring
31. Alex Bernas Program Junior Recital.pdf,Vocal,2018,Spring
31. Bi-Co New Age Music Program.pdf,Chamber,2014,Spring
31. Chamber Music Program #1 Spring 2011.pdf,Chamber,2011,Spring
31. Chamber Music Program #2 Spring 17.pdf,Chamber,2017,Spring
31. Luis Rivas Program.pdf,Vocal,2016,Spring
32. Art Song Program 2017.pdf,Vocal,2017,Spring
32. Bruce Leto Program.pdf,Chamber,2014,Spring
32. Chamber Music Program #2 Spring 2011.pdf,Chamber,2011,Spring
32. Molly Bidldle and Cole Roland Program.pdf,Vocal,2018,Spring
32. Student Jazz Ensemble Program.pdf,Chamber,2015,Fall
33. Chamber Music Program #3 Spring 2011.pdf,Chamber,2011,Spring
33. Chamber Singers Commencement Concert 2017.pdf,Choral,2017,Spring
33. Micah Walter Program .pdf,Chamber,2014,Spring
34. Jazz Band Program Fall 16.pdf,Chamber,2017,Spring
34. Music 107 Program-Spring 2011.pdf,Chamber,2011,Spring
35. Chamber Singers-Commencement Program 2011.pdf,Choral,2011,Spring
35. Samuel Walter_s Program.pdf,Chamber,2017,Spring
35. Student Recital-Annie Salorio _ Carolyn Poutasse.pdf,Vocal,2014,Spring
36. Andrew Burke Program.pdf,Chamber,2014,Spring
36. Colette Young Program.pdf,Vocal,2011,Spring
36. Mason Emmert_s Program.pdf,Chamber,2017,Spring
37. Alex Cahill Program.pdf,Vocal,2011,Spring
37. Emily Drummond_s Program.pdf,Vocal,2017,Spring
38. Shuyu-Maggie-Meng_s Program.pdf,Vocal,2017,Spring
39. Alex Mirarchi Program.pdf,Chamber,2011,Spring
39. Daniel Gillen_s Program.pdf,Chamber,2017,Spring
4. COFE Program Fall 2017.pdf,Orchestra,2017,Fall
4. Family Weekend Concert Program 2018.pdf,Mixed,2018,Fall
4. Family Weekend Program 2011.pdf,Mixed,2011,Fall
4. Kessinger-East Meets West Program.pdf,Chamber,2015,Fall
4. Korean Music and Art Concert Program.pdf,Chamber,2010,Fall
4. Marcel Khalife Program.pdf,Chamber,2014,Fall
4. Night Music Program.pdf,Chamber,2016,Fall
4. Orchestra Program Fall 2012.pdf,Orchestra,2012,Fall
40. Ben Diamond Program.pdf,Chamber,2011,Spring
40. Jazz Ensemble Program Spring 17.pdf,Chamber,2017,Spring
41. Hannah Weissmann program.pdf,Vocal,2017,Spring
41. Maya Bloom Program.pdf,Chamber,2011,Spring
42. Chloe Lindeman_s Program.pdf,Chamber,2017,Spring
5. COFE Program Fall 2019.pdf,Orchestra,2019,Fall
5. Family Weekend Program 2010.pdf,Mixed,2010,Fall
5. Family Weekend Program 2017.pdf,Mixed,2017,Fall
5. Kessinger-Lynn Harrell Program.pdf,Chamber,2015,Fall
5. Martin Jones Program.pdf,Chamber,2018,Fall
5. Orchestra Program Fall 2014.pdf,Orchestra,2014,Fall
5. Philly Orch Winds Program.pdf,Orchestra,2016,Fall
5. The Crossing Program.pdf,Choral,2011,Fall
6. Chamber Orchestra First Editions Program Fall 2018.pdf,Orchestra,2018,Fall
6. Chorale Program Fall 2012.pdf,Choral,2012,Fall
6. Chorale Program Fall 2014.pdf,Choral,2014,Fall
6. David Kim Program.pdf,Chamber,2017,Fall
6. Eugene Drucker Program.pdf,Chamber,2010,Fall
6. Family Weekend 2016 program.pdf,Mixed,2016,Fall
6. Network Program 2011.pdf,Chamber,2011,Fall
6. Orchestra Program Fall 2015.pdf,Orchestra,2015,Fall
6. Third Sound Program.pdf,Chamber,2019,Fall
7. Binchois Consort Program.pdf,Choral,2015,Fall
7. Borromeo String Quartet Program.pdf,Chamber,2016,Fall
7. Chamber Music Program #1 Fall 2012.pdf,Chamber,2012,Fall
7. Chamber Music Program #1 Fall 2014.pdf,Chamber,2014,Fall
7. Escher Program.pdf,Chamber,2010,Fall
7. Orchestra Program Fall 2011.pdf,Orchestra,2011,Fall
7. Orchestra Program Fall 2017.pdf,Orchestra,2017,Fall
7. Orchestra Program Fall 2018.pdf,Orchestra,2018,Fall
7. Orchestra Program Fall 2019.pdf,Orchestra,2019,Fall
8. Chamber Singers Holiday Program 2013.pdf,Choral,2013,Fall
8. Chamber Singers Holiday Program 2014.pdf,Choral,2014,Fall
8. Chamber Singers-Holiday program 2012.pdf,Choral,2012,Fall
8. Chorale Program Fall 2015.pdf,Choral,2015,Fall
8. Chorale Program Fall 2018.pdf,Choral,2018,Fall
8. Chorale Program Fall 2019.pdf,Choral,2019,Fall
8. Curt Cacioppo Gala of World Premieres Program.pdf,Chamber,2017,Fall
8. Emanuele Arciuli Program 2011.pdf,Chamber,2011,Fall
8. Orchestra Program Fall 2016.pdf,Orchestra,2016,Fall
8. Trio di Teramo Program.pdf,Chamber,2010,Fall
9. Chamber Music Program #1 Fall 2013.pdf,Chamber,2013,Fall
9. Chamber Music Program #2 Fall 2014.pdf,Chamber,2014,Fall
9. Chamber Singers Holiday Program 2015.pdf,Chamber,2015,Fall
9. Chamber Singers Winter Program 2018.pdf,Chamber,2018,Fall
9. Chamber Singers Winter Program 2019.pdf,Choral,2019,Fall
9. Chorale Program Fall 2011.pdf,Choral,2011,Fall
9. Chorale Program Fall 2017 .pdf,Choral,2017,Fall
9. Network Program Fall 2016.pdf,Chamber,2016,Fall
9. Orchestra Program Fall 2010.pdf,Orchestra,2010,Fall
9. Voice Studio Recital Program.pdf,Vocal,2012,Fall
Althea Waites program.pdf,Chamber,2009,Spring
Art Song program 09.pdf,Vocal,2009,Spring
Cara Sogliuzzo Program.2.pdf,Chamber,2009,Spring
Cara Sogliuzzo Program.pdf,Chamber,2009,Spring
Chamber Music Programs Fall 2008.pdf,Chamber,2008,Fall
Chamber Music Programs Spring 2009.pdf,Chamber,2009,Spring
Chamber Singers holiday program 2008.pdf,Choral,2008,Fall
Chorale Program Fall 2008.pdf,Choral,2008,Fall
Chorale Program Spring 2009.pdf,Choral,2009,Spring
Debra Harder program.pdf,Chamber,2008,Fall
Duo Alterno Program 4-7-09.pdf,Chamber,2009,Spring
Fall 10-1-2020 andPlay Program.pdf,Chamber,2020,Fall
Fall 10-10-20 Haverford-Bryn Mawr Orchestra Pop-up Concert Program.pdf,Orchestra,2020,Fall
Fall 10-17-20 Chamber Singers Program.pdf,Choral,2020,Fall
Fall 10-17-20 Haverford-Bryn Mawr Brass Ensemble Pop-up Concert Program.pdf,Chamber,2020,Fall
Fall 10-30-21 HC Family _ Friends Program 2021.pdf,Mixed,2021,Fall
Fall 10-5-2020 James Schlefer Shakuhachi Program.pdf,Chamber,2020,Fall
Fall 11-14-21 Momenta Quartet Program 2021.pdf,Chamber,2021,Fall
Fall 11-15-20 Stillman-Abramovic Program.pdf,Chamber,2020,Fall
Fall 11-19-20 String Orchestra Program.pdf,Orchestra,2020,Fall
Fall 11-19-21 Orchestra Program Fall 2021.pdf,Orchestra,2021,Fall
Fall 12-11-20 Chamber Singers Program Scott Ordway 2020 Video.pdf,Choral,2020,Fall
Fall 12-13-21 Chamber Music Program Fall 2021  #1.pdf,Chamber,2021,Fall
Fall 12-14-21 Chamber Music Program Fall 2021  #2.pdf,Chamber,2021,Fall
Fall 12-5-21 Chorale Program Fall 2021.pdf,Choral,2021,Fall
Fall 12-9-21 Chamber Singers Winter Program 2021.pdf,Choral,2021,Fall
Fall 2020 Chamber Music Programs.pdf,Chamber,2020,Fall
Fall 2020 Orchestra Multi-Track Recording Program.pdf,Orchestra,2020,Fall
Fall 9-13-20 Schmidt-Fisher Program.pdf,Chamber,2020,Fall
Fall 9-26-21 Revolution Winds Program.pdf,Chamber,2021,Fall
George Harvey Thesis Program.pdf,Chamber,2009,Spring
HC Family Weekend 08 program.pdf,Mixed,2008,Fall
Indianists _ Dvorak Program.pdf,Orchestra,2009,Spring
Jacquelyn _ Colette Program.pdf,Vocal,2009,Spring
Julianne Baird Program.pdf,Vocal,2008,Fall
Leon Bates Program.pdf,Chamber,2009,Spring
Lily Press Program.pdf,Chamber,2009,Spring
Lyric Fest Program 2009.pdf,Vocal,2009,Spring
Momenta program 2008.pdf,Chamber,2008,Fall
Music from China program.pdf,Chamber,2009,Spring
Network program 4-5-09.pdf,Chamber,2009,Spring
Orchestra Program Fall 2008.pdf,Orchestra,2008,Fall
Orchestra Program Spring 2009.pdf,Orchestra,2009,Spring
Phila Classical Symphony program.pdf,Orchestra,2009,Spring
Scott Muller Thesis Program.pdf,Chamber,2009,Spring
Simon Linn Gerstein Program.pdf,Chamber,2009,Sping
Spring 01-1-21 Chorale Program -Dona Nobis Pacem.pdf,Choral,2021,Spring
Spring 2-23-22 Music From China Program.pdf,Chamber,2022,Spring
Spring 2-25-22 Chamber Singers Community Sing Along Program 2022.pdf,Choral,2022,Spring
Spring 2-28-22 Network Program 2022.pdf,Chamber,2022,Spring
Spring 3-19-22 Chamber Orchestra First Editions Program.pdf,Orchestra,2022,Spring
Spring 4-2-2021 String Orchestra Concert Video Program.pdf,Orchestra,2021,Spring
Spring 4-2-22 Play On Philly-HC-BMC Orchestra Program.pdf,Orchestra,2022,Spring
Spring 4-21-22 Jaharis Inauguration Program.pdf,Mixed,2022,Spring
Spring 4-24-22 Chorale Program Spring 2022.pdf,Choral,2022,Spring
Spring 4-28-22 Chamber Singers Rotunda Program 2022.pdf,Choral,2022,Spring
Spring 4-6-22 Yoko Hirakoa Program.pdf,Chamber,2022,Spring
Spring 4-8-22 Orchestra Program Spring 2022.pdf,Orchestra,2022,Spring
Spring 4-9-22 Willow Swidler Notte Program.pdf,Vocal,2022,Spring
Spring 5-13-22 Chamber Singers Commencement Concert 2022.pdf,Choral,2022,Spring
Spring 5-2-22 Chamber Music Program Spring 2022 #1.pdf,Chamber,2022,Spring
Spring 5-28-21 Chamber Singers Commencement Concert Program 2021.pdf,Choral,2021,Spring
Spring 5-3-22 Chamber Music Program Spring 2022 #2.pdf,Chamber,2022,Spring
Spring 5-9-21 Spring Orchestra Program 2021   .pdf,Orchestra,2021,Spring